{
  "timestamp": "2026-02-15T03:32:00.442927+00:00",
  "iterations": 100,
  "iteration_time": {
    "tool_name": "agent_loop",
    "median_ms": 0.00017999991541728377,
    "p95_ms": 0.0002399974619038403,
    "p99_ms": 0.0012399978004395962,
    "min_ms": 0.00016999547369778156,
    "max_ms": 0.0012399978004395962,
    "std_dev_ms": 0.00013533864234640158
  },
  "tool_execution_times": {
    "read_file": {
      "tool_name": "read_file",
      "median_ms": 0.01632999919820577,
      "p95_ms": 0.020589999621734023,
      "p99_ms": 0.07636100053787231,
      "min_ms": 0.01582000550115481,
      "max_ms": 0.07636100053787231,
      "std_dev_ms": 0.007116970036907828
    },
    "write_file": {
      "tool_name": "write_file",
      "median_ms": 0.038350000977516174,
      "p95_ms": 0.04433000140124932,
      "p99_ms": 0.0977809977484867,
      "min_ms": 0.036279998312238604,
      "max_ms": 0.0977809977484867,
      "std_dev_ms": 0.00639121120727934
    },
    "search": {
      "tool_name": "search",
      "median_ms": 7.999915396794677e-05,
      "p95_ms": 0.0001399967004545033,
      "p99_ms": 0.0009600043995305896,
      "min_ms": 7.999915396794677e-05,
      "max_ms": 0.0009600043995305896,
      "std_dev_ms": 9.767308753586792e-05
    },
    "list_directory": {
      "tool_name": "list_directory",
      "median_ms": 0.05155999679118395,
      "p95_ms": 0.06921100430190563,
      "p99_ms": 0.1047609985107556,
      "min_ms": 0.05036999937146902,
      "max_ms": 0.1047609985107556,
      "std_dev_ms": 0.008705585531770537
    },
    "execute_command": {
      "tool_name": "execute_command",
      "median_ms": 1.0969220020342618,
      "p95_ms": 1.2384829969960265,
      "p99_ms": 1.2955140045960434,
      "min_ms": 0.9275400007027201,
      "max_ms": 1.2955140045960434,
      "std_dev_ms": 0.09345657381318849
    }
  },
  "memory_mb": 28.9765625,
  "cpu_percent": 0.0
}