{
  "timestamp": "2026-02-15T03:38:05.209149689+00:00",
  "iterations": 100,
  "spawn_time_ms": {
    "median": 110.195613,
    "p95": 111.542208,
    "p99": 112.61636999999999,
    "min": 110.15679300000001,
    "max": 112.61636999999999,
    "std_dev": 0.4533718984733384
  },
  "memory_mb": {
    "median": 0.00002,
    "p95": 0.000029999999999999997,
    "p99": 0.00007000000000000001,
    "min": 0.00002,
    "max": 0.00007000000000000001,
    "std_dev": 6.707458535093603e-6
  },
  "cpu_percent": {
    "median": 0.00002,
    "p95": 0.000029999999999999997,
    "p99": 0.000059999999999999995,
    "min": 0.00002,
    "max": 0.000059999999999999995,
    "std_dev": 6.982120021884473e-6
  },
  "network_latency_ms": {
    "median": 10.065871000000001,
    "p95": 10.997481,
    "p99": 11.80612,
    "min": 10.033441,
    "max": 11.80612,
    "std_dev": 0.33344960453054967
  }
}